海洋馆信息管理,Aquarium information management
景区管理,Scenic spot management
景区列表,Scenic spot list
游戏管理,Game management
题库管理,Question database management
角色管理,Role management
角色列表,Role list
生物管理,Creature management
生物列表,Creature list
产品管理,Product management
门票列表,Ticket list
门票管理,Ticket management
产品列表,Product list
奖品管理,Prize management
奖品列表,Prize list
条形码管理,Barcode management
条形码列表,Barcode list
订单管理,Order management
产品订单,Sales record
兑换记录,Redemption record
设置,Settings
库存预警,WeChat store-low inventory
banner 设置,Banner settings
海洋馆名称,Aquarium name
新增内容,Add new content
标题,Title
请输入内容,Please enter content
内容,Content
请输入标题,Please enter a title
新增景区,Add a new scenic spot
景区名称,Scenic spot name
楼层,Floor
景区介绍,Scenic spot description
所在楼层,Current floor
景区位置 X,Scenic spot location X
景区位置 Y,Scenic spot location Y
关联优惠券,Associated coupon
关联题目,Associated question
关联生物,Associated creature
题目,Question
发布时间,Released time
选项,Options
答案,Answer
选项图片,Option picture
正确答案,Correct answer
答案解析,Answer explanation
请输入答案解析,Please enter answer explanation
请录入该题的可选答案，并标记正确选项,"Please enter an optional answer for this question, and mark the correct option"
答对积分：{num} 积分,Points for correct answer: {num} points
答错积分：{num} 积分,Points for wrong answer: {num} points
等级,Level
角色名称,Role name
答对题目数,Total number of correct answers
分享配图,Share the picture
角色介绍,Role description
生物名称,Creature name
生物介绍,Creature description
请输入生物介绍,Please enter the creature description
门票名称,Ticket name
新增门票,Add tickets
列表封面图,List cover image
详情页轮播图,Detailed page image carousel
订单图,Order picture
门票说明,Ticket description
购买须知,Purchase information
票种名称,Ticket category name
票种描述,Ticket category description
新增票种,Add a ticket category
票价,Ticket price
库存,Inventory
新增产品,New product
是否限购,Whether to limit purchases
是否促销门票,Whether to offer a discount for the ticket price
优惠价格,Discounted price
产品图片,Product picture
奖品名称,Prize name
奖品分类,Prize category
积分,Points
优惠大礼,Welcome offer
区域优惠券,Promotion coupon
游戏礼物,Game gift
兑换条件,Redemption conditions
是否限制兑换,Whether to limit redemption
奖品数量,Number of prizes
选择门票名称,Select a ticket name
选择票种,Select a ticket category
批量删除,Batch delete
是否已经备份导出对应的数据,Whether the corresponding data has been backed up and exported
票务系统订单号,Ticketing system order number
条形码,Barcode
有效期开始时间,Start of validity period
有效期结束时间,End of validity period
订单号,WeChat Order number
订单状态,Order status
联系人,Contact person
手机号,Mobile number
数量,Quantity
订单总额,Total amount for the order
支付方式,Payment method
联系人信息,Details of contact person
下单时间,Order time
请输入兑换码,Please enter the redemption code
名称,Name
兑换码,Redemption code
核销时间,Write-off time
兑换时间,Redemption time
操作人,Operator
启用库存预警功能,Enable weChat store-low inventory
设置默认库存预警值,Set default weChat store-low inventory value
预警信息提示邮箱,Alert information mailbox
banner 图,Banner image
跳转地址,Jump to address
新增 banner,Add a new banner
上架,Add to shelf
下架,Remove from shelf
编辑,Edit
核销,Write-off
二维码,QR code
删除,Delete
退款,Refund
查看,View
已上架,Added to shelf
已下架,Removed from shelf
已支付,Paid
交易关闭,Transaction closed
已退款,Refunded
待支付,To be paid
已取消,Cancelled
未兑换,Not redeemed
处理中,Processing
已售出,Sold
已过期,Expired
已兑换,Redeemed
否,No
是,Yes
导出列表,Export list
查询,Inquire
选择状态,Select status
状态,Status
图片,Image
所在位置,Current location
操作,Operate
取消,Cancel
保存,Save
详情页大图,Big picture for detailed page
封面图,Cover image
中文名称,Chinese name
英文名称,English name
序号,Serial number
请输入门票名称,Please enter the ticket name
请输入门票英文名称,Please enter the ticket name in English
请选择封面图,Please select the cover image
请选择列表图,Please select the list image
请选择详情页大图,Please select the big picture for detailed page
请输入票种名称,Please enter the ticket category name
请输入票种描述,Please enter the ticket category description
请选择门票名称,Please select the ticket name
请选择票种,Please select the ticket category
请输入票价,Please enter the ticket price
请上传产品图片,Please upload the product picture
请输入奖品名称,Please enter the prize name
请上传奖品图片,Please upload a prize picture
请输入兑换条件,Please enter the redemption conditions
请输入奖品数量,Please enter the number of prizes
注意：导出列表操作频率最多为一分钟一次，否则会导出失败,"Note: The export list can be operated only once per minute, otherwise the export will fail."
请上传 banner 图,Please upload the banner image
请输入跳转地址,Please enter an address to jump to
请输入中文名称,Please enter the Chinese name
请输入英文名称,Please enter the English name
请输入内容,Please enter content
请输入景区中文名称,Please enter the Chinese name of this scenic spot
请输入景区英文名称,Please enter the English name of this scenic spot
请选择景区所在楼层,Please select the floor of the scenic spot
请输入景区的 X 坐标,Please enter the X coordinate of the scenic spot
请输入景区的 Y 坐标,Please enter the Y coordinate of the scenic spot
请上传详情页大图,Please upload the big picture for detailed page
请输入题目,Please enter a question
请输入答案,Please enter the answer
请输入答案解析,Please enter the answer explanation
请输入生物介绍,Please enter the creature description
保存成功,Saved
请输入正确的内容,Please enter the correct content
数据导入成功,Data imported
数据导入失败,Data import failed
库存已更新,Inventory updated
上架成功,Added to shelf
下架成功,Removed from shelf
预警,Alert
请输入校验条件,Please enter the verification conditions
请输入正确的限制条件,Please enter the correct restrictions
保存失败,Failed to save
请选择正确的文件,Please select the correct file
图片大小不能超过 200 K,Picture size cannot exceed 200K
图片上传成功,Picture uploaded
支持 PNG，JPG，图片大小不超过 200 K，建议像素为,"Supports PNG, JPG, picture size cannot exceed 200K, recommended pixels are"
数据导出失败,Failed to export data
删除成功,Deleted
确定执行本次核销操作,Confirm that you want to execute the write-off operation
待核销,To be write-off
已核销,Written-off
已关闭,Closed
已过期,Expired
确认删除,Confirm that you want to delete
图片上传成功,Picture uploaded
每个微信ID号 {num} 天内可购买 {num} 份,Each WeChat ID can purchase {num} copies in {num} days
每个微信ID号 {num} 天内可兑换 {num} 次,Each WeChat ID can redeem {num} times in {num} days
创建时间,Time created
新增生物,Add creature
编辑景区,Edit scenic spot
温馨提示,Tips
该题目已与景区产生绑定关系，点击「OK」前往景区列表解绑后才能下架,"The question has been associated to the scenic spot. Click ""OK"" to go to the scenic spot list to dissociate it before you can remove it."
共 {num} 条数据,{num} data total
编辑生物,Edit creature
题库列表,Question database list
编辑题目,Edit question
票种列表,Ticket category list
确定执行此操作,Confirm that you want to execute this operation
编辑票种,Edit ticket category
导入,Import
修改,Modify
票种,Ticket category
库存紧张,Tight inventory
约 {sum} 人民币,About {sum} CNY
请输入优惠价格,Please enter the discounted price
奖品类型,Prize category
新增奖品,Add a prize
编辑奖品,Edit prize
是否限制兑换次数,Whether to limit redemption times
请选择奖品类型,Please select prize category
关联订单号,Wechat order number
未售出,Not sold
产品信息,Product information
票务系统状态,Ticketing system status
兑换记录详情,Redemption record details
推送邮箱,Push mailbox
你输入的似乎不是一个邮箱,It seems you didn't enter an email address
请上传banner图片,Please upload a banner image
题库列表,Question list
请上传封面图,Please upload a cover image
请上传分享配图,Please upload an image for sharing
海洋馆乐园,Aquarium Paradise
海底商店,Underwater store
全部,All
新增题目,Add question
二维码管理,Inventory management
二维码列表,Inventory list
二维码,QR code
编辑角色,Edit role
优先级,Priority
请输入优先级,Please enter a priority
确定退款,Confirm refund
确定,Confirm
小封面图,Small cover image
未上架,Not on the shelf
跳转页面,Jump to page
示例,Example
至少关联2条题目,Associate at least two questions
请填写默认库存预警值,Please fill in a default weChat store-low inventory value
确认,Confirm
成人票,Adult ticket
儿童票,Child ticket
优惠门票列表,Discounted ticket list
门票详情,Ticket details
奖品详情,Prize details
刷新库存,Refresh inventory
库存量将在5分钟后自动更新数据,Inventory data will be automatically updated 5 minutes later
操作成功,Operation successful
支付时间,Payment time
操作者,Operator
无,N/A
产品,Product
数据导出成功,data exported
编辑产品,Edit product
刷新成功,Refreshed
刷新失败,Failed to refresh
请选择是否促销,Please select whether to offer a discount
是否隐藏,Hidden from webstore
编辑门票,Edit ticket
请选择小封面图,Please select a small cover image
关联项目,Associate item
取消关联,Dissociate item
新增角色,Add a new role
请输入解锁角色需要答对得题目数量,Please enter the number of correct answers required to unlock a role
请输入角色中文名称,Please enter the Chinese name of the role
请输入角色英文名称,Please enter the English name of the role
请上传角色图片,Please upload a picture for the role
请选择正确答案,Please select a correct answer
编辑banner,Edit banner
数据正在导出，请耐心等待,"Data is being exported, please be patient"
请输入英文题目,Please enter an English question
英文题目,English question
权限管理,Permission management
用户列表,User list
进入成员后台,Go to member backend
添加用户,Add user
编辑用户,Edit user
邮箱,Email
用户名称,Username
新增时间,Add time
"第一步：进入成员后台添加成员——第二步：返回该后台添加用户并设置权限，添加用户填写的邮箱必须是成员后台已存在的邮箱，否则用户无法享用对应的权限","First step: Go to member backend to add a new member - second step: return to the backend to add a user and set permissions. The email you fill out when you are adding a new user must be an email address that already exists in the member backend, otherwise the user cannot have the relevant permission."
权限设置,Permission settings
请输入邮箱地址,Please enter your email address
请输入用户名称,Please enter your username
操作记录,Operation record
选择用户,Select user
选择页面,Select page
操作页面,Operation page
操作时间,Operating time
消息管理,Message management
活动消息发布,Event announcement
消息标题,Message title
发送类型,Sending type
发送时间,Sending time
新增消息,Add a new message
已激活,Activated
未激活,Inactivated
重新发送,Resend
编辑消息,Edit message
中文标题,Chinese title
英文标题,English title
即时发送,Send now
定时发送,Send regularly
每天,Daily
请输入中文标题,Please enter a Chinese title
请输入英文标题,Please enter an English title
请输入内容,Please enter content
该产品已存在，请前往门票管理新增门票,"This product already exists, please go to ticket management to add new tickets"
新增,Add
票种英文描述,Ticket category English description
请输入票种英文描述,Please enter the Ticket category English description
温馨提示,Tips
温馨提示（英文）,Tips (English)
请输入英文提示,Please enter tips in English
请输入温馨提示,Please enter tips
立即发送,Send now
模版下载,Download template
添加权限,Add permissions
勾选后，该用户即可有权查看到对应的页面，并进行新增、编辑等操作,Once ticked，the user will have the permissions to view the corresponding page，and make additions and do editings，etc.
确定后，该用户即可有权查看{pages}页面，并进行新增、编辑等操作,Once confirmed，the user will have the permissions to view the {pages}，and make additions and do editings，etc.
答案图片,Picture for the answer
请上传答案图片,Please upload an answer picture
退款时间,Refund time
已发送,Sent
未发送,Unsent
即时发送,Send now
定时发送,Send on time
请选择发送类型,Please choose a sending method
请输入用户邮箱,Please enter the user email
支付流水号,Payment transaction number
退款流水号,Refund transaction number
退款备注,Refund note
至少要选择一项,At least one item needs to be selected
至少关联2条题目,Associate at least 2 questions
优先按天筛选,Time priority by Day.
价格,Price
过期时间,Expire date
是否售出,Whether it is sold
退出登录,Sign out
微信用户列表,WeChat user list
请输入用户昵称,Please enter a user nickname
用户昵称,Nickname
最近登录时间,Recent login time
最近 7 天,Last 7 days
最近 30 天,Last 30 days
抽奖管理,Lottery management
抽奖列表,Lottery list
奖品列表,Prize list
抽奖入口,Lottery entry
开启中,Currently open
更改,Change
新增抽奖,Add a lottery
开始时间,Starting time
结束时间,End time
活动状态,Event status
未开始,It has not started
进行中,It has started
已开奖,Prize announced
奖品名称,Prize name
英文名称,English name
参与人数,The number of participants
抽奖人数,The number of people entered the draws
实际中奖,Number of winners
操作,Operate
编辑,Edit
删除,Delete
查看中奖信息,View lottery results
微信昵称,WeChat nickname
姓名,Full name
电话号码,Mobile number
省份,Province
城市,City
地区,District
详情地址,Address
抽奖开始时间,Starting time of the draw
抽奖结束时间,End time of the draw
奖品,Prize
中奖人数,The number of winners
保存,Save
取消,Cancel
新增奖品,Add a new prize
奖品类型,Prize type
图片上传,Upload a picture
实物,Physical item
虚拟奖品（海底商店券）,Virtual prize (Underwater store coupon)
关联海底商店物品,Associate underwater store items
不关联,Not associated
商店兑换券,Store voucher
门票优惠券,Entry ticket coupon
购票方式,Ticket purchase method
关联券,Associated coupon
门票类型,Ticket type
普通门票,Regular ticket
特殊门票,Special ticket
助力活动,Additional activity
抽奖活动,Lottery
默林分享,Molin share
默林分享（小程序分享）,Molin share (MiniApp share)
是否折扣优惠类门票,Is this a discounted ticket
请选择是否折扣优惠类门票,Please select whether you have a discounted ticket
折扣优惠价格,Discounted price
请输入折扣价格,Please enter the discounted price
门票类型,Ticket type
请选择门票类型,Please select your ticket type
特殊门票类型,Special ticket type
请选择特殊门票类型,Please select your special ticket type
分享-折扣票,Share - discounted ticket
活动-折扣票,Promotion - discounted ticket
活动-买一送一票,Promotion - buy one get one free
活动-赠送票,Promotion - Gift ticket
绑定赠送票,Associate your gift ticket
请选择赠送票,Please select your gift ticket
默林游助力活动,Merlinmagic
抽奖活动,Luckydraw
曼谷分享,SLBK share
默林乐高商店,Merlin Lego Store
乐高商店信息管理,LLJ wechat store general information
过期提醒,Expiration reminder
启用门票过期提醒功能,AEnable weChat store expiry alert
设置门票剩余有效天数,Days before expiry date
门票过期提示邮箱,Alert information mailbox
请填写门票剩余有效天数,Please enter the remaining days before ticket expiration
闭园日期,Park closure date
请选择闭园日期,Please select the closing date
已选择闭园日期,Closing date selected
请勿重复选择,Please do not select again
贴纸管理,Sticker management
贴纸列表,Sticker list
新增贴纸,Add sticker
点击图片下载小程序二维码,Click on the image to download the MiniApp QR code
确认删除,Confirm you want to delete
是否需要解锁,Does it need to be unlocked
展示小图,Show small image
解锁大图,Unlock large image
解锁方式,Unlocking method
扫码解锁,Scan QR code to unlock
分享解锁,Share to unlock
扫码地点,Location for scanning QR code
请选择是否需要解锁,Please select whether you need to unlock it
请选择展示小图,Please select to show small image
请选择解锁大图,Please select to unlock large image
请选择解锁方式,Please select an unlocking method
请输入扫码地点,Please enter the location for scanning QR code
园区人流通知,Park flow notification
新增通知,Add a new message
普通奖品,Lucky draw prize
新人优惠大礼,Welcome offer
排序,Sort
数值越大，显示越靠前,"The larger the value, the higher the display"
兑换份数,"Redemption quantity"
使用时间,"Visit time"
折扣价,Discounted price